<?xml version="1.0" encoding="UTF-8"?>
<project-private xmlns="http://www.netbeans.org/ns/project-private/1">
    <editor-bookmarks xmlns="http://www.netbeans.org/ns/editor-bookmarks/2" lastBookmarkId="0"/>
    <open-files xmlns="http://www.netbeans.org/ns/projectui-open-files/2">
        <group>
            <file>file:/C:/Users/Jorge_Silva/Desktop/MoodScopeTest%2031-05-2024/MoodScopeTest/src/MoodScope/Recomendaciones.java</file>
            <file>file:/C:/Users/Jorge_Silva/Desktop/MoodScopeTest%2031-05-2024/MoodScopeTest/src/MoodScope/MenuPrincipal.java</file>
            <file>file:/C:/Users/Jorge_Silva/Desktop/MoodScopeTest%2031-05-2024/MoodScopeTest/src/MoodScope/CampoVacioException.java</file>
            <file>file:/C:/Users/Jorge_Silva/Desktop/MoodScopeTest%2031-05-2024/MoodScopeTest/src/MoodScope/PrincipalInicioSesion.java</file>
            <file>file:/C:/Users/Jorge_Silva/Desktop/MoodScopeTest%2031-05-2024/MoodScopeTest/src/MoodScope/CategoriasEstadoAnimo.java</file>
            <file>file:/C:/Users/Jorge_Silva/Desktop/MoodScopeTest%2031-05-2024/MoodScopeTest/src/MoodScope/Pregunta2.java</file>
            <file>file:/C:/Users/Jorge_Silva/Desktop/MoodScopeTest%2031-05-2024/MoodScopeTest/src/MoodScope/Titulo.java</file>
            <file>file:/C:/Users/Jorge_Silva/Desktop/MoodScopeTest%2031-05-2024/MoodScopeTest/src/MoodScope/Diversion.java</file>
            <file>file:/C:/Users/Jorge_Silva/Desktop/MoodScopeTest%2031-05-2024/MoodScopeTest/src/MoodScope/Titulos.java</file>
            <file>file:/C:/Users/Jorge_Silva/Desktop/MoodScopeTest%2031-05-2024/MoodScopeTest/src/MoodScope/HashMapFileWriter.java</file>
            <file>file:/C:/Users/Jorge_Silva/Desktop/MoodScopeTest%2031-05-2024/MoodScopeTest/src/MoodScope/HashMapBinWritter.java</file>
            <file>file:/C:/Users/Jorge_Silva/Desktop/MoodScopeTest%2031-05-2024/MoodScopeTest/src/MoodScope/Persona.java</file>
            <file>file:/C:/Users/Jorge_Silva/Desktop/MoodScopeTest%2031-05-2024/MoodScopeTest/src/MoodScope/Pregunta8.java</file>
            <file>file:/C:/Users/Jorge_Silva/Desktop/MoodScopeTest%2031-05-2024/MoodScopeTest/src/MoodScope/Pregunta4.java</file>
            <file>file:/C:/Users/Jorge_Silva/Desktop/MoodScopeTest%2031-05-2024/MoodScopeTest/src/MoodScope/RegistroDatos.java</file>
            <file>file:/C:/Users/Jorge_Silva/Desktop/MoodScopeTest%2031-05-2024/MoodScopeTest/src/MoodScope/DataContainer.java</file>
            <file>file:/C:/Users/Jorge_Silva/Desktop/MoodScopeTest%2031-05-2024/MoodScopeTest/src/MoodScope/InicioSesion.java</file>
        </group>
    </open-files>
</project-private>
